,City,Country,Date,Lat,Lng,Max Temp,Humidity,Cloudiness,Wind Speed
0,Zilair,RU,2022-06-17 22:00:08,52.2332,57.4392,57.61,97,98,1.9
1,Paita,PE,2022-06-17 22:01:29,-5.0892,-81.1144,67.48,70,47,17.11
2,Faanui,PF,2022-06-17 21:56:49,-16.4833,-151.75,80.33,70,4,18.21
3,Punta Arenas,CL,2022-06-17 22:01:10,-53.15,-70.9167,35.11,59,97,14.92
4,Albany,US,2022-06-17 22:00:45,42.6001,-73.9662,80.37,46,23,4.0
5,Esperance,AU,2022-06-17 22:01:30,-33.8667,121.9,57.99,76,96,18.21
6,Ushuaia,AR,2022-06-17 22:01:30,-54.8,-68.3,26.19,93,61,7.09
7,Cherskiy,RU,2022-06-17 22:01:30,68.75,161.3,52.32,41,66,10.2
8,Sao Jose Da Coroa Grande,BR,2022-06-17 22:01:31,-8.8978,-35.1478,74.41,88,68,4.63
9,Tripoli,LY,2022-06-17 22:01:01,32.8752,13.1875,76.23,61,0,9.53
10,Awbari,LY,2022-06-17 22:01:31,26.5921,12.7805,80.06,18,0,7.29
11,Spas,UA,2022-06-17 22:01:31,48.8899,24.0629,55.02,89,72,4.12
12,Port Elizabeth,ZA,2022-06-17 22:01:32,-33.918,25.5701,61.05,39,8,9.46
13,Rikitea,PF,2022-06-17 22:01:32,-23.1203,-134.9692,72.81,64,58,4.83
14,Bengkulu,ID,2022-06-17 21:58:53,-3.8004,102.2655,74.89,91,91,7.29
15,Urucara,BR,2022-06-17 22:01:33,-2.5364,-57.76,77.34,68,17,1.92
16,Mahebourg,MU,2022-06-17 22:01:33,-20.4081,57.7,68.25,88,20,8.05
17,Yarmouth,US,2022-06-17 22:01:34,41.7057,-70.2286,72.97,87,75,12.66
18,Villazon,BO,2022-06-17 22:01:34,-22.0866,-65.5942,40.12,4,0,5.53
19,Jamestown,US,2022-06-17 22:01:35,42.097,-79.2353,73.04,53,20,16.11
20,Narsaq,GL,2022-06-17 22:01:35,60.9167,-46.05,50.22,83,100,3.13
21,Hobart,AU,2022-06-17 21:57:04,-42.8794,147.3294,49.26,95,75,3.44
22,Cabedelo,BR,2022-06-17 22:00:51,-6.9811,-34.8339,76.15,78,10,7.49
23,Half Moon Bay,US,2022-06-17 21:58:53,37.4636,-122.4286,74.05,62,0,9.22
24,Severo-Kurilsk,RU,2022-06-17 22:01:36,50.6789,156.125,48.54,91,100,9.4
25,Uruguaiana,BR,2022-06-17 21:56:59,-29.7547,-57.0883,55.33,71,0,11.5
26,Olinda,BR,2022-06-17 22:01:36,-8.0089,-34.8553,76.71,77,11,5.48
27,Mataura,NZ,2022-06-17 22:01:36,-46.1927,168.8643,39.47,92,75,1.63
28,Cayenne,GF,2022-06-17 22:01:00,4.9333,-52.3333,82.09,16,0,3.44
29,New Norfolk,AU,2022-06-17 22:01:37,-42.7826,147.0587,47.91,90,100,0.96
30,Bredasdorp,ZA,2022-06-17 22:01:38,-34.5322,20.0403,55.35,43,44,6.06
31,Hobyo,SO,2022-06-17 22:01:38,5.3505,48.5268,78.24,80,94,24.92
32,Suntar,RU,2022-06-17 22:01:38,62.1444,117.6319,58.95,54,15,0.74
33,Kologriv,RU,2022-06-17 22:01:39,58.8275,44.3178,49.14,96,15,3.38
34,Butaritari,KI,2022-06-17 21:57:29,3.0707,172.7902,82.4,77,12,15.17
35,Jurmala,LV,2022-06-17 22:01:39,56.968,23.7704,50.02,93,0,2.3
36,Port Hardy,CA,2022-06-17 21:58:51,50.6996,-127.4199,60.98,63,75,16.11
37,Shimoda,JP,2022-06-17 22:01:39,34.6667,138.95,72.1,91,100,6.33
38,Kahului,US,2022-06-17 21:58:59,20.8947,-156.47,81.97,80,27,11.01
39,Okhotsk,RU,2022-06-17 22:01:40,59.3833,143.3,45.59,88,94,4.03
40,Tilichiki,RU,2022-06-17 22:01:40,60.4667,166.1,44.42,93,100,0.83
41,Busselton,AU,2022-06-17 22:01:41,-33.65,115.3333,56.26,69,100,23.38
42,Ancud,CL,2022-06-17 22:01:41,-41.8697,-73.8203,43.23,76,99,5.73
43,Te Anau,NZ,2022-06-17 22:00:25,-45.4167,167.7167,39.38,92,77,1.1
44,Araouane,ML,2022-06-17 22:01:42,18.9048,-3.5265,90.99,33,70,13.76
45,Sobolevo,RU,2022-06-17 22:01:42,54.4299,31.8996,51.33,92,61,6.42
46,Puerto Ayora,EC,2022-06-17 22:01:42,-0.7393,-90.3518,72.55,89,57,8.99
47,Broken Hill,AU,2022-06-17 22:01:43,-31.95,141.4333,45.93,79,0,6.04
48,Saint-Philippe,RE,2022-06-17 22:01:43,-21.3585,55.7679,67.59,78,34,2.24
49,Ushtobe,KZ,2022-06-17 22:01:43,45.2514,77.9838,66.52,34,49,4.25
50,Kishi,NG,2022-06-17 22:01:44,9.0833,3.85,70.77,95,63,3.91
51,Vaini,TO,2022-06-17 22:01:44,-21.2,-175.2,76.14,81,90,21.7
52,Cidreira,BR,2022-06-17 22:01:44,-30.1811,-50.2056,59.74,91,100,18.61
53,Nikolskoye,RU,2022-06-17 22:01:45,59.7035,30.7861,53.49,86,99,5.06
54,Saint George,US,2022-06-17 22:01:01,37.1041,-113.5841,102.79,4,0,33.38
55,Vuktyl,RU,2022-06-17 22:01:45,63.8567,57.3094,56.71,94,100,4.54
56,Dingle,PH,2022-06-17 22:01:46,10.9995,122.6711,79.21,84,100,1.57
57,Georgetown,MY,2022-06-17 21:58:01,5.4112,100.3354,78.73,97,20,2.3
58,Avarua,CK,2022-06-17 21:57:19,-21.2078,-159.775,80.65,65,20,9.22
59,Mandalgovi,MN,2022-06-17 22:01:46,45.7625,106.2708,68.67,51,98,16.37
60,Thompson,CA,2022-06-17 21:58:49,55.7435,-97.8558,64.56,20,20,5.75
61,Alexandria,EG,2022-06-17 21:57:58,31.2156,29.9553,75.16,83,40,10.36
62,Sakaiminato,JP,2022-06-17 22:01:47,35.55,133.2333,69.73,77,100,3.87
63,Salalah,OM,2022-06-17 22:01:47,17.0151,54.0924,82.9,85,65,6.8
64,Cabo San Lucas,MX,2022-06-17 22:01:48,22.8909,-109.9124,87.19,66,74,7.43
65,Villa Bruzual,VE,2022-06-17 22:01:48,9.3328,-69.1208,80.74,84,46,1.59
66,Arraial Do Cabo,BR,2022-06-17 21:59:06,-22.9661,-42.0278,71.46,83,0,6.91
67,Manta,EC,2022-06-17 22:01:48,-0.95,-80.7333,73.94,78,65,13.47
68,Sept-Iles,CA,2022-06-17 21:59:47,50.2001,-66.3821,61.32,92,75,5.75
69,Dikson,RU,2022-06-17 22:01:49,73.5069,80.5464,30.27,94,77,11.3
70,Tuktoyaktuk,CA,2022-06-17 21:58:48,69.4541,-133.0374,66.2,45,75,0.0
71,Hambantota,LK,2022-06-17 22:01:49,6.1241,81.1185,77.34,100,40,2.3
72,Kapaa,US,2022-06-17 22:01:50,22.0752,-159.319,82.38,73,29,5.01
73,Notre-Dame-Du-Lac,CA,2022-06-17 22:01:50,47.6136,-68.7964,71.87,84,39,10.49
74,Puerto Madryn,AR,2022-06-17 22:01:51,-42.7692,-65.0385,47.88,45,1,21.3
75,Poli,TZ,2022-06-17 22:01:51,-3.3333,36.8,56.44,93,75,4.25
76,Ossora,RU,2022-06-17 22:01:51,59.2353,163.0719,47.57,91,100,0.43
77,Meulaboh,ID,2022-06-17 22:01:52,4.1363,96.1285,75.88,84,98,5.84
78,Plouzane,FR,2022-06-17 22:01:52,48.3833,-4.6167,71.92,75,0,5.75
79,Pijijiapan,MX,2022-06-17 22:01:52,15.7011,-93.23,82.18,83,78,4.05
80,Barrow,US,2022-06-17 22:01:53,71.2906,-156.7887,39.22,87,100,10.36
81,Provideniya,RU,2022-06-17 22:01:53,64.3833,-173.3,52.23,51,13,3.6
82,Bluff,NZ,2022-06-17 22:01:53,-46.6,168.3333,39.79,79,100,11.79
83,Biltine,TD,2022-06-17 22:01:54,14.5333,20.9167,92.41,16,84,3.65
84,Khatanga,RU,2022-06-17 21:57:33,71.9667,102.5,52.84,68,89,19.66
85,Cape Town,ZA,2022-06-17 22:01:54,-33.9258,18.4232,57.27,89,96,11.99
86,Hauterive,FR,2022-06-17 22:01:55,46.0901,3.4459,75.96,46,9,3.33
87,Korla,CN,2022-06-17 22:01:55,41.7597,86.1469,70.07,50,77,6.87
88,Bambous Virieux,MU,2022-06-17 22:01:55,-20.3428,57.7575,68.22,88,20,8.05
89,Itarema,BR,2022-06-17 22:01:56,-2.9248,-39.9167,76.73,82,100,9.37
90,Yellowknife,CA,2022-06-17 22:00:11,62.456,-114.3525,64.71,37,18,8.03
91,Hermanus,ZA,2022-06-17 22:01:56,-34.4187,19.2345,57.67,67,58,12.44
92,San Joaquin,US,2022-06-17 22:01:57,37.9333,-121.3011,75.27,31,0,16.11
93,San Antonio,US,2022-06-17 21:56:58,29.4241,-98.4936,101.07,36,19,7.47
94,Uarini,BR,2022-06-17 22:01:57,-2.99,-65.1083,79.74,77,74,1.61
95,Port Alfred,ZA,2022-06-17 22:01:57,-33.5906,26.891,62.96,36,1,11.16
96,Chuy,UY,2022-06-17 22:01:58,-33.6971,-53.4616,50.67,51,45,15.57
97,Mnogovershinnyy,RU,2022-06-17 22:01:58,53.9353,139.9242,55.0,77,100,3.47
98,Hilo,US,2022-06-17 21:57:43,19.7297,-155.09,87.28,83,47,5.99
99,Vostok,RU,2022-06-17 22:01:59,46.4856,135.8833,55.2,100,100,1.81
100,Ternate,ID,2022-06-17 22:01:59,0.8,127.4,79.21,80,44,3.04
101,San Andres,CO,2022-06-17 22:01:59,12.5847,-81.7006,82.89,74,98,7.09
102,Nemuro,JP,2022-06-17 22:02:00,43.3236,145.575,51.73,96,99,2.06
103,Ponta Do Sol,PT,2022-06-17 22:02:00,32.6667,-17.1,68.72,78,0,3.13
104,Mpika,ZM,2022-06-17 22:02:00,-11.8343,31.4529,53.96,83,13,5.53
105,Kavieng,PG,2022-06-17 22:02:01,-2.5744,150.7967,82.62,69,45,12.88
106,Santarem,BR,2022-06-17 22:02:01,-2.4431,-54.7083,78.13,68,36,0.96
107,Vardo,NO,2022-06-17 22:02:01,70.3705,31.1107,40.98,87,100,10.36
108,Sao Filipe,CV,2022-06-17 22:02:02,14.8961,-24.4956,74.97,76,7,8.32
109,Ishim,RU,2022-06-17 22:02:02,56.1128,69.4902,54.41,83,9,3.22
110,Shablykino,RU,2022-06-17 22:02:02,52.8566,35.1964,56.62,92,100,1.45
111,Rawson,AR,2022-06-17 22:02:03,-43.3002,-65.1023,47.77,44,0,21.68
112,Saint-Francois,FR,2022-06-17 22:02:03,46.4154,3.9054,69.24,78,0,2.3
113,Haimen,CN,2022-06-17 22:02:03,23.1935,116.6142,78.31,91,100,6.6
114,Oistins,BB,2022-06-17 22:02:04,13.0667,-59.5333,79.81,73,80,13.06
115,Buenavista,PH,2022-06-17 22:02:04,8.9769,125.4089,75.45,88,6,4.63
116,Oksfjord,NO,2022-06-17 22:02:04,70.2396,22.3479,48.99,80,66,8.03
117,Fortuna,US,2022-06-17 22:01:48,40.5982,-124.1573,64.9,62,0,13.8
118,Mehamn,NO,2022-06-17 22:02:05,71.0357,27.8492,40.95,87,75,2.3
119,Sarangani,PH,2022-06-17 22:02:05,5.4033,125.4636,82.83,72,32,9.6
120,Abu Samrah,SY,2022-06-17 22:02:05,35.3029,37.1841,80.51,31,0,6.4
121,Shingu,JP,2022-06-17 22:02:06,33.7333,135.9833,71.51,96,100,5.17
122,Castro,BR,2022-06-17 22:02:06,-24.7911,-50.0119,60.08,95,98,9.13
123,Greeley,US,2022-06-17 21:58:42,40.4233,-104.7091,101.62,11,25,23.64
124,Bethel,US,2022-06-17 22:01:52,41.3712,-73.414,86.54,44,11,3.0
125,Sint-Truiden,BE,2022-06-17 22:02:07,50.8154,5.184,75.79,72,48,9.26
126,Honiara,SB,2022-06-17 22:02:07,-9.4333,159.95,81.86,74,99,5.73
127,Fort Abbas,PK,2022-06-17 22:02:08,29.1925,72.8536,91.44,41,62,17.69
128,Victoria,HK,2022-06-17 22:00:11,22.2855,114.1577,84.38,85,99,10.0
129,Hamilton,US,2022-06-17 21:58:48,39.1834,-84.5333,89.22,48,80,5.99
130,Hasaki,JP,2022-06-17 21:58:49,35.7333,140.8333,70.2,80,100,4.38
131,Ballina,AU,2022-06-17 22:02:08,-28.8667,153.5667,55.02,89,69,7.74
132,Tessalit,ML,2022-06-17 22:02:09,20.1986,1.0114,86.76,37,99,3.04
133,Vladivostok,RU,2022-06-17 22:01:52,43.1056,131.8735,59.02,95,57,2.68
134,Zhigansk,RU,2022-06-17 22:02:09,66.7697,123.3711,57.76,40,80,1.45
135,Chokurdakh,RU,2022-06-17 22:02:09,70.6333,147.9167,39.49,69,100,8.52
136,Clyde River,CA,2022-06-17 22:02:10,70.4692,-68.5914,33.62,84,100,21.18
137,Qaanaaq,GL,2022-06-17 22:02:10,77.484,-69.3632,39.9,76,5,4.34
138,Nocupetaro,MX,2022-06-17 22:02:10,19.05,-101.15,89.74,36,4,5.86
139,Bontang,ID,2022-06-17 22:02:11,0.1333,117.5,75.79,89,100,4.41
140,Hithadhoo,MV,2022-06-17 22:01:52,-0.6,73.0833,82.13,72,100,6.93
141,Rosiori,RO,2022-06-17 22:02:11,44.8,27.3833,63.34,85,100,11.39
142,Codrington,AU,2022-06-17 22:02:12,-38.2667,141.9667,45.68,90,12,6.91
143,Nkayi,CG,2022-06-17 22:02:12,-4.1841,13.2884,70.41,73,100,2.53
144,Serebryansk,KZ,2022-06-17 22:02:12,49.6925,83.2892,51.33,82,8,3.24
145,Mar Del Plata,AR,2022-06-17 22:00:06,-38.0023,-57.5575,46.09,83,84,11.01
146,Lebu,CL,2022-06-17 22:02:13,-37.6167,-73.65,47.55,79,85,7.61
147,Quesnel,CA,2022-06-17 21:58:31,52.9999,-122.5029,68.5,42,0,6.91
148,Goderich,CA,2022-06-17 21:58:48,43.7501,-81.7165,65.91,72,48,11.5
149,Forbes,AU,2022-06-17 22:02:13,-33.3833,148.0167,40.91,87,3,4.72
150,Ampanihy,MG,2022-06-17 22:02:13,-24.7,44.75,59.29,75,0,1.79
151,Hovd,MN,2022-06-17 22:02:14,48.0056,91.6419,54.73,61,65,3.74
152,Jalu,LY,2022-06-17 22:02:14,29.0331,21.5482,79.95,42,0,15.61
153,Airai,TL,2022-06-17 22:02:14,-8.9266,125.4092,56.53,94,25,3.98
154,Portland,US,2022-06-17 21:58:23,45.5234,-122.6762,63.0,83,100,4.61
155,Marsa Matruh,EG,2022-06-17 22:02:15,31.3525,27.2453,73.27,83,0,5.32
156,Atuona,PF,2022-06-17 22:02:15,-9.8,-139.0333,77.77,69,0,16.06
157,Colac,AU,2022-06-17 22:02:16,-38.3333,143.5833,49.17,92,7,0.45
158,Kaitangata,NZ,2022-06-17 22:02:16,-46.2817,169.8464,41.04,84,74,9.01
159,Kargasok,RU,2022-06-17 22:02:16,59.0556,80.8572,56.26,91,96,4.88
160,Bogorodskoye,RU,2022-06-17 22:02:17,56.55,37.8833,49.62,93,13,3.58
161,Moree,AU,2022-06-17 22:02:17,-29.4667,149.85,37.42,93,54,0.0
162,Ngunguru,NZ,2022-06-17 22:02:17,-35.6167,174.5,60.75,88,100,12.91
163,Leningradskiy,RU,2022-06-17 22:02:18,69.3833,178.4167,39.49,69,62,6.35
164,Qaqortoq,GL,2022-06-17 22:02:18,60.7167,-46.0333,43.99,87,100,6.42
165,Upernavik,GL,2022-06-17 22:02:19,72.7868,-56.1549,35.78,85,71,10.31
166,Port-Gentil,GA,2022-06-17 22:02:19,-0.7193,8.7815,76.05,75,96,10.02
167,Seymchan,RU,2022-06-17 22:02:19,62.8833,152.4333,56.21,73,98,1.88
168,Thunder Bay,CA,2022-06-17 22:02:20,48.4001,-89.3168,67.03,28,0,6.69
169,Brae,GB,2022-06-17 22:02:20,60.3964,-1.353,50.43,78,6,29.55
170,Road Town,VG,2022-06-17 21:59:13,18.4167,-64.6167,84.24,74,20,6.91
171,Bilma,NE,2022-06-17 22:02:20,18.6853,12.9164,92.91,12,7,15.7
172,Sarandi,BR,2022-06-17 22:02:21,-23.4436,-51.8739,63.55,98,95,10.89
173,Pevek,RU,2022-06-17 22:02:21,69.7008,170.3133,36.07,77,100,4.74
174,Poum,NC,2022-06-17 22:02:21,-20.2333,164.0167,75.65,84,100,15.79
175,Muravlenko,RU,2022-06-17 22:02:22,63.7898,74.523,53.46,59,28,7.94
176,Comodoro Rivadavia,AR,2022-06-17 22:00:04,-45.8667,-67.5,46.72,49,1,24.25
177,Souillac,MU,2022-06-17 22:02:22,-20.5167,57.5167,64.78,88,20,8.05
178,San Juan,AR,2022-06-17 22:01:38,-31.5375,-68.5364,55.35,25,0,2.15
179,Avera,US,2022-06-17 22:02:23,33.194,-82.5271,98.65,25,78,8.86
180,Yatou,CN,2022-06-17 22:02:23,37.15,122.3833,69.62,92,38,7.27
181,Bam,IR,2022-06-17 22:02:23,29.106,58.357,84.81,16,0,7.52
182,Saskylakh,RU,2022-06-17 22:02:24,71.9167,114.0833,57.6,85,100,7.85
183,Christchurch,NZ,2022-06-17 21:59:50,-43.5333,172.6333,43.92,92,75,9.22
184,Menongue,AO,2022-06-17 22:02:24,-14.6585,17.691,54.91,49,42,3.74
185,Sarankhola,BD,2022-06-17 22:02:24,22.3082,89.7897,81.39,82,100,10.87
186,Baykit,RU,2022-06-17 22:02:25,61.67,96.37,56.37,97,25,3.51
187,Saldanha,ZA,2022-06-17 22:02:25,-33.0117,17.9442,58.59,93,99,24.09
188,San Quintin,MX,2022-06-17 22:02:25,30.4833,-115.95,69.96,66,40,15.84
189,Kavaratti,IN,2022-06-17 22:02:26,10.5669,72.642,81.82,75,99,12.73
190,Tahe,CN,2022-06-17 22:02:26,52.3333,124.7333,61.27,64,100,3.44
191,Touros,BR,2022-06-17 22:02:26,-5.1989,-35.4608,75.72,76,26,9.6
192,Katsuura,JP,2022-06-17 22:02:27,35.1333,140.3,72.84,90,100,10.42
193,Segezha,RU,2022-06-17 22:02:27,63.7415,34.3222,44.73,93,100,9.66
194,Perth,AU,2022-06-17 22:00:12,-31.9333,115.8333,59.13,88,75,20.71
195,Faya,SA,2022-06-17 22:02:28,18.3851,42.4509,70.48,26,40,5.41
196,Mitu,CO,2022-06-17 22:02:28,1.1983,-70.1733,77.52,81,77,1.41
197,Ust-Nera,RU,2022-06-17 22:02:28,64.5667,143.2,61.5,51,100,4.97
198,Calvinia,ZA,2022-06-17 22:02:29,-31.4707,19.776,47.66,49,1,4.18
199,Verkhnevilyuysk,RU,2022-06-17 22:02:29,63.4453,120.3167,57.94,52,35,2.48
200,Rudsar,IR,2022-06-17 22:01:43,37.1376,50.288,71.73,84,3,3.53
201,Muros,ES,2022-06-17 21:59:28,42.7762,-9.0603,67.08,91,46,4.23
202,Kudahuvadhoo,MV,2022-06-17 22:02:29,2.6708,72.8944,82.44,71,96,7.9
203,Nokaneng,BW,2022-06-17 22:02:30,-19.6667,22.2667,55.69,24,0,4.72
204,Kenai,US,2022-06-17 21:59:07,60.5544,-151.2583,63.03,69,63,9.42
205,Saint Anthony,US,2022-06-17 21:58:48,45.0205,-93.218,84.9,35,0,11.5
206,Sistranda,NO,2022-06-17 22:02:31,63.7256,8.834,55.36,96,100,4.76
207,Dargaville,NZ,2022-06-17 22:02:31,-35.9333,173.8833,58.64,92,99,5.59
208,Sungaipenuh,ID,2022-06-17 22:02:31,-2.0833,101.3833,63.27,98,96,1.23
209,Vao,NC,2022-06-17 22:02:32,-22.6667,167.4833,69.76,87,100,14.14
210,Flinders,AU,2022-06-17 22:02:32,-34.5833,150.8552,56.17,70,96,5.01
211,Cochrane,CA,2022-06-17 21:58:42,51.1834,-114.4687,66.61,67,100,11.5
212,Maniitsoq,GL,2022-06-17 21:58:57,65.4167,-52.9,36.75,97,100,10.87
213,Sitka,US,2022-06-17 22:00:27,57.0531,-135.33,62.26,70,91,7.78
214,Sakhnovshchyna,UA,2022-06-17 22:02:32,49.1517,35.872,60.82,63,81,6.44
215,San Patricio,US,2022-06-17 22:02:33,28.017,-97.5169,95.72,43,18,16.15
216,Muzhi,RU,2022-06-17 22:02:33,65.3667,64.6667,59.4,60,32,7.38
217,Sayyan,YE,2022-06-17 22:02:33,15.1718,44.3244,67.64,38,89,10.56
218,Ribeira Grande,PT,2022-06-17 22:02:34,38.5167,-28.7,68.13,88,2,8.28
219,Ilulissat,GL,2022-06-17 22:02:34,69.2167,-51.1,39.22,87,75,9.22
220,Mangrol,IN,2022-06-17 22:02:34,21.1167,70.1167,84.51,77,88,14.76
221,Zasheyek,RU,2022-06-17 22:02:35,67.4066,32.5499,41.52,91,100,8.52
222,Kodiak,US,2022-06-17 22:02:35,57.79,-152.4072,49.41,90,100,9.73
223,The Pas,CA,2022-06-17 21:58:53,53.8251,-101.2541,60.82,55,75,9.22
224,Fasa,IR,2022-06-17 22:02:36,28.9383,53.6482,84.16,13,0,6.17
225,Nanortalik,GL,2022-06-17 22:02:36,60.1432,-45.2371,45.37,88,100,21.34
226,Port Said,EG,2022-06-17 22:02:36,31.2565,32.2841,76.28,82,0,14.07
227,Tiksi,RU,2022-06-17 22:02:37,71.6872,128.8694,35.56,83,100,7.25
228,Ostrovnoy,RU,2022-06-17 22:02:37,68.0531,39.5131,39.6,98,100,17.78
229,Shimanovsk,RU,2022-06-17 22:02:37,52.0,127.7,65.34,63,3,0.81
230,Birao,CF,2022-06-17 22:02:38,10.2849,22.7882,76.17,72,100,6.46
231,Sisimiut,GL,2022-06-17 22:02:38,66.9395,-53.6735,36.52,96,92,1.72
232,Sohag,EG,2022-06-17 22:02:38,26.557,31.6948,85.75,30,0,12.8
233,Arman,RU,2022-06-17 22:02:39,59.7,150.1667,50.02,81,90,2.59
234,Constitucion,CL,2022-06-17 22:00:48,-35.3333,-72.4167,51.57,79,65,10.38
235,Gloversville,US,2022-06-17 21:58:07,43.0528,-74.3438,78.84,66,8,15.77
236,Tromso,NO,2022-06-17 22:02:39,69.6496,18.957,48.38,76,20,14.97
237,Umm Bab,QA,2022-06-17 22:02:39,25.2142,50.8072,87.8,47,0,7.45
238,Nossa Senhora Da Gloria,BR,2022-06-17 22:02:40,-10.2183,-37.4203,67.77,93,64,6.46
239,Nueva Imperial,CL,2022-06-17 22:02:40,-38.7333,-72.95,44.29,87,98,3.4
240,Belmonte,BR,2022-06-17 22:02:41,-15.8631,-38.8828,71.33,82,16,4.45
241,Defiance,US,2022-06-17 22:02:41,41.3334,-84.45,82.65,36,0,18.41
242,Lata,PT,2022-06-17 22:02:42,40.1629,-8.3327,65.8,93,27,1.5
243,Boca Do Acre,BR,2022-06-17 22:02:42,-8.7522,-67.3978,75.13,95,100,0.87
244,Kosh-Agach,RU,2022-06-17 22:02:43,50.0,88.6667,43.45,85,56,2.28
245,Paamiut,GL,2022-06-17 22:02:43,61.994,-49.6678,46.06,77,100,50.11
246,Padang,ID,2022-06-17 22:02:43,-0.9492,100.3543,75.7,87,100,3.0
247,Yushu,CN,2022-06-17 22:02:43,44.8,126.5333,66.07,73,97,3.78
248,Nadym,RU,2022-06-17 22:02:44,65.5333,72.5167,53.51,51,72,6.55
249,Zhanaozen,KZ,2022-06-17 22:02:44,43.3,52.8,76.21,57,56,25.75
250,Port Blair,IN,2022-06-17 22:02:44,11.6667,92.75,82.27,79,57,10.29
251,Gladstone,AU,2022-06-17 22:00:12,-23.85,151.25,57.13,58,0,8.05
252,Altamura,IT,2022-06-17 22:02:21,40.8292,16.5537,70.88,72,23,1.01
253,Kuching,MY,2022-06-17 22:00:57,1.55,110.3333,73.62,100,40,3.44
254,Sorland,NO,2022-06-17 22:02:45,67.667,12.6934,49.86,82,100,19.73
255,Vanimo,PG,2022-06-17 22:02:45,-2.6741,141.3028,77.85,87,78,5.3
256,Bowen,AU,2022-06-17 22:02:46,-20.0167,148.2333,64.96,80,0,10.11
257,Kloulklubed,PW,2022-06-17 22:02:46,7.0419,134.2556,83.5,70,100,6.42
258,Slave Lake,CA,2022-06-17 21:58:48,55.2834,-114.769,64.38,77,75,11.5
259,Phitsanulok,TH,2022-06-17 22:02:46,16.9167,100.5,75.99,85,100,1.7
260,Sulechow,PL,2022-06-17 22:02:47,52.0836,15.6251,67.64,37,99,3.29
261,Quatre Cocos,MU,2022-06-17 22:02:47,-20.2078,57.7625,68.09,71,0,3.98
262,Nador,MA,2022-06-17 22:02:47,35.174,-2.9287,73.65,94,0,5.75
263,Mahon,ES,2022-06-17 21:58:55,39.8885,4.2658,77.56,57,0,8.05
264,Labuhan,ID,2022-06-17 22:02:48,-6.8844,112.2051,77.04,86,100,4.85
265,Presidente Epitacio,BR,2022-06-17 22:02:48,-21.7633,-52.1156,70.92,82,57,3.09
266,Talnakh,RU,2022-06-17 22:02:48,69.4865,88.3972,45.21,61,15,9.93
267,Ayan,RU,2022-06-17 22:02:49,56.45,138.1667,44.89,94,100,3.76
268,Morondava,MG,2022-06-17 22:02:49,-20.2833,44.2833,66.72,56,0,14.38
269,Kapoeta,SS,2022-06-17 22:02:49,4.7717,33.5903,79.79,40,48,8.46
270,Stromness,GB,2022-06-17 22:02:50,58.965,-3.296,52.88,77,15,25.99
271,Charters Towers,AU,2022-06-17 22:02:50,-20.1,146.2667,61.93,81,0,7.25
272,North Bend,US,2022-06-17 22:00:25,43.4065,-124.2243,62.92,85,99,8.12
273,Punta De Piedra,VE,2022-06-17 22:02:51,7.6176,-71.4916,81.09,79,81,1.19
274,Nazareno,MX,2022-06-17 22:02:51,25.3833,-103.4167,91.71,15,1,15.79
275,Sasykoli,RU,2022-06-17 22:02:51,47.5515,46.9968,69.66,47,32,6.78
276,Svetlaya,RU,2022-06-17 22:02:52,46.5389,138.3297,53.19,97,100,4.88
277,Karratha,AU,2022-06-17 22:00:25,-20.7377,116.8463,75.9,72,95,4.18
278,Viransehir,TR,2022-06-17 22:02:52,37.2353,39.7631,82.47,16,0,5.73
279,Evensk,RU,2022-06-17 22:02:53,61.95,159.2333,46.17,94,100,4.36
280,Saint-Denis,FR,2022-06-17 22:02:53,48.9167,2.3333,83.17,48,0,4.61
281,Bandarbeyla,SO,2022-06-17 22:02:53,9.4942,50.8122,77.25,84,70,27.51
282,Longyearbyen,SJ,2022-06-17 22:01:33,78.2186,15.6401,40.84,75,75,9.22
283,Carutapera,BR,2022-06-17 22:02:54,-1.195,-46.02,75.18,93,100,7.34
284,Naze,JP,2022-06-17 22:02:54,28.3667,129.4833,75.49,87,100,16.49
285,Bubaque,GW,2022-06-17 22:02:55,11.2833,-15.8333,79.09,77,90,13.06
286,Arua,UG,2022-06-17 22:02:55,3.0201,30.9111,64.6,84,66,3.62
287,Caravelas,BR,2022-06-17 22:00:10,-17.7125,-39.2481,68.4,88,3,4.74
288,Gweta,BW,2022-06-17 22:02:55,-20.1833,25.2333,59.72,31,0,4.23
289,Tres Arroyos,AR,2022-06-17 21:59:04,-38.3739,-60.2798,42.57,54,27,12.26
290,Ladario,BR,2022-06-17 22:02:45,-19.0047,-57.6017,69.28,88,97,4.85
291,Mataram,ID,2022-06-17 22:02:56,-8.5833,116.1167,74.21,84,8,5.23
292,Kuldur,RU,2022-06-17 22:02:56,49.2167,131.6333,57.38,99,100,5.3
293,Bizhbulyak,RU,2022-06-17 22:02:57,53.6967,54.2642,56.73,96,63,4.81
294,Tsabong,BW,2022-06-17 22:02:57,-26.0217,22.401,57.07,26,0,13.06
295,Hualmay,PE,2022-06-17 22:02:57,-11.0964,-77.6139,63.77,76,29,11.05
296,Tignere,CM,2022-06-17 22:02:58,7.3667,12.65,64.2,99,100,1.23
297,Sioux Lookout,CA,2022-06-17 22:02:58,50.1001,-91.917,68.38,22,0,6.73
298,Taltal,CL,2022-06-17 22:02:58,-25.4,-70.4833,58.91,75,0,2.64
299,Garowe,SO,2022-06-17 22:02:59,8.4054,48.4845,76.57,68,21,26.28
300,Tasiilaq,GL,2022-06-17 22:02:59,65.6145,-37.6368,42.96,83,85,8.28
301,Opuwo,NA,2022-06-17 22:03:00,-18.0607,13.84,57.97,43,13,2.64
302,Pailon,BO,2022-06-17 22:03:00,-17.65,-62.75,73.13,51,34,9.62
303,Aksu,CN,2022-06-17 22:03:00,41.1231,80.2644,72.23,24,1,1.68
304,Sestri Levante,IT,2022-06-17 22:03:01,44.2732,9.3968,80.51,86,73,1.01
305,Luderitz,NA,2022-06-17 22:03:01,-26.6481,15.1594,54.84,89,0,7.54
306,San Policarpo,PH,2022-06-17 22:03:01,12.1791,125.5072,82.53,79,68,8.41
307,East London,ZA,2022-06-17 22:03:02,-33.0153,27.9116,64.69,30,0,8.5
308,Krasnoselkup,RU,2022-06-17 22:03:02,65.7,82.4667,53.19,54,17,11.39
309,Nome,US,2022-06-17 22:03:03,64.5011,-165.4064,66.27,35,100,6.91
310,Yaan,NG,2022-06-17 22:03:03,7.3833,8.5667,69.49,98,97,3.91
311,Warrington,GB,2022-06-17 22:02:17,53.3925,-2.5802,65.86,88,75,12.66
312,Vorsma,RU,2022-06-17 22:03:04,55.9856,43.2717,53.44,85,63,6.17
313,Bani,DO,2022-06-17 22:03:04,18.2833,-70.3333,83.86,72,94,8.7
314,Sarany,RU,2022-06-17 22:03:04,58.5,58.8833,54.63,96,85,1.41
315,Santa Cruz,BO,2022-06-17 22:03:04,-17.8,-63.1667,74.57,40,36,10.78
316,Kurilsk,RU,2022-06-17 22:03:05,45.2333,147.8833,46.87,94,97,8.48
317,Macheng,CN,2022-06-17 22:03:05,31.1783,115.0319,74.3,86,92,1.28
318,Leshan,CN,2022-06-17 22:03:06,29.5623,103.7639,73.36,89,100,0.74
319,Grindavik,IS,2022-06-17 22:03:06,63.8424,-22.4338,48.67,81,75,25.32
320,Berbera,SO,2022-06-17 22:03:07,10.4396,45.0143,90.45,45,8,8.05
321,Santa Maria,BR,2022-06-17 22:03:07,-29.6842,-53.8069,52.66,95,81,7.23
322,Aldan,RU,2022-06-17 22:03:07,58.6031,125.3894,52.45,77,39,3.67
323,Dubrovytsya,UA,2022-06-17 22:03:08,51.5744,26.565,52.93,96,5,6.93
324,Falun,SE,2022-06-17 22:03:08,60.6036,15.626,61.21,92,100,8.21
325,Ferkessedougou,CI,2022-06-17 22:03:08,9.6,-5.2,73.56,89,92,9.66
326,Haines Junction,CA,2022-06-17 22:03:09,60.7522,-137.5108,72.52,24,84,7.94
327,Komsomolskiy,UZ,2022-06-17 22:03:09,40.4272,71.7189,69.8,62,100,3.02
328,Tabou,CI,2022-06-17 22:03:09,4.423,-7.3528,77.95,71,98,10.18
329,Tiznit,MA,2022-06-17 22:03:10,29.5833,-9.5,73.8,55,0,2.28
330,Lufilufi,WS,2022-06-17 22:03:10,-13.8745,-171.5986,83.98,78,73,23.17
331,Baraboo,US,2022-06-17 22:03:11,43.4711,-89.7443,82.54,42,0,6.91
332,Payson,US,2022-06-17 21:58:31,40.0444,-111.7321,98.26,10,15,15.99
333,Laguna,US,2022-06-17 22:03:11,38.421,-121.4238,76.75,37,0,21.85
334,Torbay,CA,2022-06-17 22:03:11,47.6666,-52.7314,62.28,68,0,1.99
335,Santa Branca,BR,2022-06-17 22:03:12,-23.3967,-45.8839,62.28,67,0,1.14
336,Fort Nelson,CA,2022-06-17 22:03:12,58.8053,-122.7002,65.79,59,75,12.66
337,Kropotkin,RU,2022-06-17 22:03:12,45.4375,40.5756,62.19,62,79,2.46
338,Sola,VU,2022-06-17 22:03:13,-13.8833,167.55,80.98,79,100,14.61
339,Srandakan,ID,2022-06-17 22:03:13,-7.9386,110.2506,76.68,84,96,2.28
340,Luwuk,ID,2022-06-17 22:03:13,-0.9516,122.7875,76.24,88,44,4.23
341,Carroll,US,2022-06-17 22:03:14,39.5501,-77.0164,90.95,57,19,15.86
342,Pacific Grove,US,2022-06-17 21:58:26,36.6177,-121.9166,70.39,66,18,7.0
343,Bathsheba,BB,2022-06-17 22:03:14,13.2167,-59.5167,83.01,69,20,17.27
344,Kuryk,KZ,2022-06-17 22:03:14,43.2,51.65,77.32,52,23,20.78
345,Lompoc,US,2022-06-17 22:03:03,34.6391,-120.4579,76.57,62,0,20.0
346,Oranjemund,NA,2022-06-17 21:59:40,-28.55,16.4333,54.57,85,17,10.11
347,Llangefni,GB,2022-06-17 22:03:15,53.2556,-4.3106,60.12,94,100,5.75
348,Yuzhou,CN,2022-06-17 22:03:15,34.1628,113.4639,79.48,64,10,6.04
349,West Bay,KY,2022-06-17 22:03:16,19.3667,-81.4167,82.08,75,100,1.99
350,Ixtapa,MX,2022-06-17 22:00:13,20.7,-105.2,81.23,83,89,1.01
351,Inta,RU,2022-06-17 22:03:16,66.0317,60.1659,59.25,86,100,3.58
352,San Jose,US,2022-06-17 22:01:18,37.3394,-121.895,74.37,41,75,17.27
353,Norman Wells,CA,2022-06-17 22:03:17,65.282,-126.8329,72.01,33,0,9.66
354,Mutoko,ZW,2022-06-17 22:03:17,-17.397,32.2268,51.37,91,2,3.0
355,Izberbash,RU,2022-06-17 22:03:17,42.5696,47.8645,69.85,81,37,5.3
356,Namatanai,PG,2022-06-17 22:03:18,-3.6667,152.4333,81.54,75,60,6.85
357,Chapais,CA,2022-06-17 22:03:18,49.7834,-74.8492,46.18,97,100,10.09
358,Hervey Bay,AU,2022-06-17 22:03:19,-25.2986,152.8535,58.05,65,0,9.62
359,Bahia Blanca,AR,2022-06-17 21:59:22,-38.7196,-62.2724,44.87,36,2,6.46
360,Geraldton,AU,2022-06-17 22:03:19,-28.7667,114.6,64.81,68,40,14.97
361,Vila,PT,2022-06-17 22:03:19,42.0304,-8.1588,58.69,84,32,2.82
362,Bundaberg,AU,2022-06-17 21:59:44,-24.85,152.35,54.21,74,0,3.0
363,Iqaluit,CA,2022-06-17 21:59:04,63.7506,-68.5145,44.33,56,100,21.85
364,Thinadhoo,MV,2022-06-17 22:03:20,0.5333,72.9333,82.67,74,100,6.89
365,Alofi,NU,2022-06-17 22:03:20,-19.0595,-169.9187,78.48,76,61,23.04
366,Rocha,UY,2022-06-17 22:03:21,-34.4833,-54.3333,48.65,53,5,19.26
367,Perote,MX,2022-06-17 22:03:21,19.5667,-97.2333,58.64,78,98,7.18
368,Vaitape,PF,2022-06-17 22:03:21,-16.5167,-151.75,80.33,70,4,18.1
369,Matay,EG,2022-06-17 22:03:22,28.419,30.7792,80.02,47,0,19.93
370,Zastron,ZA,2022-06-17 22:03:22,-30.3023,27.084,40.89,32,0,7.23
371,Soyo,AO,2022-06-17 22:03:23,-6.1349,12.3689,72.09,82,83,7.05
372,San Luis,AR,2022-06-17 22:02:33,-33.295,-66.3356,46.18,40,0,3.91
373,Szydlowiec,PL,2022-06-17 22:01:41,51.2282,20.8611,60.28,83,77,5.26
374,Flin Flon,CA,2022-06-17 22:03:23,54.7682,-101.865,62.58,40,100,9.82
375,Buin,CL,2022-06-17 22:03:24,-33.7333,-70.75,61.43,41,27,3.02
376,Atar,MR,2022-06-17 22:03:24,20.5169,-13.0499,93.69,28,36,6.82
377,Cockburn Town,TC,2022-06-17 22:03:25,21.4612,-71.1419,81.82,76,100,14.99
378,Sabha,LY,2022-06-17 22:03:25,27.0377,14.4283,80.8,22,0,9.06
379,Bellingham,US,2022-06-17 22:00:25,48.7595,-122.4882,67.14,75,100,3.0
380,Majene,ID,2022-06-17 22:03:25,-3.5403,118.9707,76.57,89,100,6.53
381,Wagar,SD,2022-06-17 22:03:26,16.1525,36.2032,94.78,16,50,6.78
382,Ciamis,ID,2022-06-17 22:03:26,-7.3257,108.3534,73.38,95,98,0.92
383,Stokmarknes,NO,2022-06-17 22:03:26,68.5646,14.9108,51.76,81,5,8.05
384,Lagoa,PT,2022-06-17 22:01:52,39.05,-27.9833,66.25,91,0,7.87
385,Baghdad,IQ,2022-06-17 22:03:27,33.3406,44.4009,85.91,21,0,10.36
386,Jiuquan,CN,2022-06-17 22:03:27,39.7432,98.5174,71.94,31,100,10.65
387,Gisborne,NZ,2022-06-17 22:03:27,-38.6533,178.0042,56.3,74,14,5.82
388,Dandong,CN,2022-06-17 22:03:28,40.1292,124.3947,68.36,88,94,3.51
389,Taikang,CN,2022-06-17 22:03:28,46.8333,124.4167,70.11,50,47,5.53
390,Kalmunai,LK,2022-06-17 22:03:29,7.4167,81.8167,78.33,83,100,7.92
391,Grand Gaube,MU,2022-06-17 22:03:29,-20.0064,57.6608,68.38,79,0,1.99
392,Nyurba,RU,2022-06-17 22:03:29,63.2842,118.3319,58.01,57,60,2.51
393,Berlevag,NO,2022-06-17 22:03:30,70.8578,29.0864,41.0,87,100,10.36
394,Wanning,CN,2022-06-17 22:03:30,18.8003,110.3967,81.03,92,19,11.61
395,Churapcha,RU,2022-06-17 22:03:30,62.0025,132.4325,58.64,76,33,2.33
396,Bintulu,MY,2022-06-17 22:03:31,3.1667,113.0333,75.07,93,100,5.3
397,Kungurtug,RU,2022-06-17 22:03:31,50.5994,97.5228,49.87,94,71,0.36
398,Denpasar,ID,2022-06-17 22:03:31,-8.65,115.2167,80.26,89,40,9.22
399,Viseu,PT,2022-06-17 22:03:32,40.661,-7.9097,61.86,91,40,2.33
400,Carnarvon,AU,2022-06-17 22:03:32,-24.8667,113.6333,70.16,68,93,5.73
401,Kailua,US,2022-06-17 22:03:33,21.4022,-157.7394,85.98,63,75,14.97
402,Tabas,IR,2022-06-17 22:03:33,33.5959,56.9244,84.36,20,0,3.89
403,Kaman,IN,2022-06-17 22:03:33,27.65,77.2667,87.85,53,47,6.24
404,Erenhot,CN,2022-06-17 22:03:34,43.6475,111.9767,71.31,50,3,9.93
405,Kununurra,AU,2022-06-17 22:01:43,-15.7667,128.7333,49.98,81,2,0.0
406,Batemans Bay,AU,2022-06-17 22:00:11,-35.7167,150.1833,52.11,77,42,3.76
407,Lavrentiya,RU,2022-06-17 22:03:34,65.5833,-171.0,47.82,61,16,2.57
408,Genc,TR,2022-06-17 22:03:34,38.7507,40.5603,68.47,36,0,2.28
409,Limoeiro Do Ajuru,BR,2022-06-17 22:03:35,-1.8953,-49.3806,80.71,75,100,4.52
410,La Ronge,CA,2022-06-17 22:03:35,55.1001,-105.2842,58.06,66,100,11.65
411,Beloha,MG,2022-06-17 22:03:35,-25.1667,45.05,60.31,71,1,3.96
412,Kuytun,RU,2022-06-17 22:03:36,54.3419,101.5036,57.24,82,100,5.77
413,Waipawa,NZ,2022-06-17 22:03:36,-41.4122,175.5153,50.79,85,96,3.78
414,Nouadhibou,MR,2022-06-17 22:03:36,20.931,-17.0347,69.1,79,0,23.91
415,Uusikaupunki,FI,2022-06-17 22:03:37,60.8004,21.4084,55.58,69,94,6.93
416,Kulhudhuffushi,MV,2022-06-17 22:03:37,6.6221,73.07,81.64,78,100,11.3
417,Vrangel,RU,2022-06-17 22:03:37,42.7297,133.0839,61.66,85,8,5.06
418,Uglegorsk,RU,2022-06-17 22:03:38,49.0833,142.0333,57.02,80,45,6.02
419,Matagami,CA,2022-06-17 22:03:38,49.7502,-77.6328,48.31,87,100,20.71
420,Eyl,SO,2022-06-17 22:03:38,7.9803,49.8164,77.7,80,21,22.64
421,Asau,RO,2022-06-17 22:03:39,46.4333,26.4,59.92,93,100,2.68
422,Montes Altos,BR,2022-06-17 22:03:39,-5.8333,-47.0667,80.83,54,58,3.78
423,Giyani,ZA,2022-06-17 22:03:39,-23.3025,30.7187,55.44,56,0,4.41
424,Halifax,CA,2022-06-17 22:03:05,44.6453,-63.5724,60.69,96,100,17.0
425,Vila Franca Do Campo,PT,2022-06-17 22:03:40,37.7167,-25.4333,71.2,93,40,6.69
426,Arti,RU,2022-06-17 22:03:40,56.4234,58.5328,58.32,94,99,2.19
427,Urumqi,CN,2022-06-17 22:00:05,43.801,87.6005,68.95,46,81,4.47
428,Hay River,CA,2022-06-17 22:00:25,60.8156,-115.7999,56.35,53,85,7.83
429,Destin,US,2022-06-17 22:00:47,30.3935,-86.4958,97.43,74,13,1.99
430,Benjamin Aceval,PY,2022-06-17 22:03:41,-24.9667,-57.5667,62.74,73,24,9.31
431,Lorengau,PG,2022-06-17 22:03:41,-2.0226,147.2712,81.59,81,100,10.36
432,Hami,CN,2022-06-17 22:03:41,42.8,93.45,75.83,26,87,17.43
433,Osypenko,UA,2022-06-17 22:03:42,46.9136,36.8253,64.85,62,55,4.68
434,Olafsvik,IS,2022-06-17 22:03:42,64.8945,-23.7142,46.09,87,100,27.16
435,Eregli,TR,2022-06-17 21:59:13,37.5133,34.0467,69.57,45,0,2.1
436,Pacifica,US,2022-06-17 22:03:43,37.6138,-122.4869,71.64,69,75,17.27
437,Zhezkazgan,KZ,2022-06-17 22:03:43,47.8043,67.7144,74.23,24,72,5.66
438,Shahpura,IN,2022-06-17 22:03:44,27.3833,75.9667,83.93,60,20,12.1
439,Buraydah,SA,2022-06-17 22:03:44,26.326,43.975,90.9,14,3,9.69
440,Mitsamiouli,KM,2022-06-17 22:03:44,-11.3847,43.2844,77.09,70,3,6.55
441,Qorveh,IR,2022-06-17 22:03:45,35.1664,47.8045,66.09,30,0,7.16
442,Okitipupa,NG,2022-06-17 22:03:45,6.5047,4.7839,71.08,98,98,1.19
443,Aripuana,BR,2022-06-17 22:03:45,-9.1667,-60.6333,78.8,57,27,1.83
444,Avezzano,IT,2022-06-17 22:03:45,42.0402,13.4388,64.69,81,72,4.03
445,Natal,BR,2022-06-17 22:03:38,-5.795,-35.2094,75.85,94,20,4.61
446,Arroyo,ES,2022-06-17 22:03:46,41.6096,-4.7969,80.15,46,0,8.05
447,Aklavik,CA,2022-06-17 22:03:46,68.2191,-135.0107,75.72,27,59,20.18
448,Anadyr,RU,2022-06-17 22:01:10,64.75,177.4833,44.67,79,100,12.68
449,Loveland,US,2022-06-17 22:03:47,40.3978,-105.075,99.25,26,0,16.11
450,Roald,NO,2022-06-17 22:03:47,62.5833,6.1333,58.91,87,75,25.32
451,Klaksvik,FO,2022-06-17 22:03:47,62.2266,-6.589,49.12,90,100,36.55
452,Dicabisagan,PH,2022-06-17 22:03:48,17.0818,122.4157,80.2,85,51,4.25
453,Kargil,IN,2022-06-17 22:03:48,34.5667,76.1,49.91,53,100,5.01
454,Caconda,AO,2022-06-17 22:03:48,-13.7333,15.0667,54.21,32,13,1.97
455,Agapovka,RU,2022-06-17 22:03:49,53.2973,59.1348,63.61,89,100,3.09
456,Saint-Augustin,CA,2022-06-17 22:03:49,51.226,-58.6502,52.11,87,100,14.79
457,Sloboda,RU,2022-06-17 22:03:49,51.1421,40.3021,55.98,86,81,4.83
458,Richards Bay,ZA,2022-06-17 22:03:50,-28.783,32.0377,56.07,54,0,7.85
459,Aracruz,BR,2022-06-17 22:00:09,-19.8203,-40.2733,64.17,82,0,1.95
460,Bria,CF,2022-06-17 22:03:50,6.5423,21.9863,68.85,99,98,2.95
461,Zhangye,CN,2022-06-17 22:03:50,38.9342,100.4517,72.25,30,74,12.77
462,Mokobeng,BW,2022-06-17 22:03:51,-22.9965,27.6678,52.23,62,0,3.65
463,Sur,OM,2022-06-17 22:03:51,22.5667,59.5289,87.22,71,1,8.7
464,Mayo,US,2022-06-17 22:03:52,38.8876,-76.5119,94.48,49,0,12.66
465,Kodinsk,RU,2022-06-17 22:03:52,58.6881,99.1844,58.78,79,96,2.26
466,San Carlos De Bariloche,AR,2022-06-17 22:03:52,-41.1456,-71.3082,37.15,65,40,14.97
467,Kelme,LT,2022-06-17 22:03:53,55.6339,22.9342,57.22,91,36,6.17
468,Lagos,NG,2022-06-17 21:59:20,6.5833,3.75,75.52,96,100,4.07
469,Winneba,GH,2022-06-17 22:03:53,5.3511,-0.6231,75.6,87,96,9.48
470,Agnibilekrou,CI,2022-06-17 22:03:53,7.1344,-3.2047,70.38,99,100,3.31
471,Boissevain,CA,2022-06-17 22:03:54,49.2306,-100.0559,79.65,67,14,15.14
472,Boa Vista,BR,2022-06-17 22:03:54,2.8197,-60.6733,82.38,74,40,6.91
473,Tahoua,NE,2022-06-17 22:03:54,14.8888,5.2692,83.1,56,36,10.33
474,Chardara,KZ,2022-06-17 22:03:55,41.2547,67.9692,75.2,50,19,10.63
475,Hokitika,NZ,2022-06-17 22:03:55,-42.7167,170.9667,52.63,79,99,4.68
476,Pemba,MZ,2022-06-17 22:03:55,-12.974,40.5178,73.17,76,40,16.35
477,Kashi,CN,2022-06-17 22:03:56,39.4547,75.9797,73.74,25,99,9.71
478,Chabahar,IR,2022-06-17 22:03:56,25.2919,60.643,83.53,85,25,10.31
479,Dunedin,NZ,2022-06-17 22:03:13,-45.8742,170.5036,48.79,61,17,4.0
480,Hofn,IS,2022-06-17 22:03:57,64.2539,-15.2082,49.33,77,100,18.28
481,Mount Isa,AU,2022-06-17 22:03:57,-20.7333,139.5,56.97,44,3,8.05
482,Westport,US,2022-06-17 22:00:00,41.1415,-73.3579,89.1,45,29,8.01
483,Sala Consilina,IT,2022-06-17 22:03:58,40.3912,15.5989,62.6,90,40,4.97
484,Kalispell,US,2022-06-17 22:01:55,48.1958,-114.3129,85.77,46,79,4.0
485,Sao Gabriel Da Cachoeira,BR,2022-06-17 22:03:58,-0.1303,-67.0892,77.68,89,62,2.8
486,Elko,US,2022-06-17 22:03:58,41.0002,-115.5012,78.64,14,100,13.0
487,Tuatapere,NZ,2022-06-17 22:03:59,-46.1333,167.6833,42.24,87,79,3.58
488,Tandil,AR,2022-06-17 22:03:59,-37.3217,-59.1332,41.72,54,26,17.29
489,Maputo,MZ,2022-06-17 22:03:59,-25.9653,32.5892,62.22,58,0,6.91
490,Sabang,ID,2022-06-17 22:04:00,5.8933,95.3214,82.58,73,100,7.96
491,Ahuimanu,US,2022-06-17 22:04:00,21.4447,-157.8378,85.71,61,75,17.27
492,Sao Felix Do Xingu,BR,2022-06-17 22:00:42,-6.6447,-51.995,76.89,63,9,2.42
493,Isangel,VU,2022-06-17 22:04:01,-19.55,169.2667,79.81,80,100,9.37
494,Nishihara,JP,2022-06-17 22:04:01,26.1842,127.7558,78.46,94,75,13.8
495,Almaznyy,RU,2022-06-17 22:04:01,48.0448,40.045,58.42,62,1,1.59
496,Pauini,BR,2022-06-17 22:04:02,-7.7136,-66.9764,75.25,95,90,1.34
497,San Cristobal,VE,2022-06-17 22:04:02,7.7669,-72.225,77.18,63,83,4.32
498,Finschhafen,PG,2022-06-17 22:04:02,-6.6024,147.8681,80.64,75,90,7.81
499,Mtwara,TZ,2022-06-17 22:04:03,-10.2667,40.1833,70.12,87,0,10.4
500,Chernyshevskiy,RU,2022-06-17 22:04:03,63.0128,112.4714,59.43,52,74,3.36
501,Taiobeiras,BR,2022-06-17 22:04:03,-15.8078,-42.2331,63.63,44,5,2.98
502,Benjamin Constant,BR,2022-06-17 22:04:04,-4.3831,-70.0311,86.13,70,20,3.44
503,Savalou,BJ,2022-06-17 22:04:04,7.9281,1.9756,72.28,97,98,6.6
504,Ferrol,ES,2022-06-17 22:04:04,43.4832,-8.2369,67.26,90,89,1.9
505,Ajdabiya,LY,2022-06-17 22:04:05,30.7554,20.2263,74.71,64,0,12.86
506,Hurup,DK,2022-06-17 22:04:05,56.7494,8.4195,62.71,89,100,14.94
507,Riyadh,SA,2022-06-17 22:04:05,24.6877,46.7219,95.14,14,3,10.67
508,Aginskoye,RU,2022-06-17 22:04:06,51.1,114.53,62.87,72,58,2.62
509,Banda Aceh,ID,2022-06-17 22:04:06,5.5577,95.3222,79.68,79,93,6.15
510,Liwale,TZ,2022-06-17 22:04:06,-9.7667,37.9333,67.24,68,89,2.3
511,Matara,LK,2022-06-17 22:04:07,5.9485,80.5353,77.05,90,100,8.34
512,Sydney Mines,CA,2022-06-17 22:02:24,46.2367,-60.2177,58.26,93,100,8.99
513,Puerto Del Rosario,ES,2022-06-17 22:01:41,28.5004,-13.8627,71.35,78,20,19.57
514,Kruisfontein,ZA,2022-06-17 22:04:07,-34.0033,24.7314,59.11,30,21,9.48
515,Buchanan,LR,2022-06-17 22:04:07,5.8808,-10.0467,77.31,82,100,13.53
516,Kingston,JM,2022-06-17 22:04:08,17.997,-76.7936,81.55,81,75,10.36
517,Linhares,BR,2022-06-17 22:04:08,-19.3911,-40.0722,64.98,79,0,4.94
518,Nuevo Progreso,MX,2022-06-17 22:04:09,23.1667,-97.95,91.54,51,6,8.01
519,Bairiki,KI,2022-06-17 22:04:09,1.3292,172.9752,84.2,74,20,9.22
520,Fereydun Kenar,IR,2022-06-17 22:04:09,36.6864,52.5225,75.42,68,0,0.81
521,Gogrial,SS,2022-06-17 22:04:10,8.5332,28.1004,74.7,85,100,4.32
522,Dombarovskiy,RU,2022-06-17 22:04:10,50.7587,59.5386,65.79,66,27,5.55
523,Najran,SA,2022-06-17 22:03:18,17.4924,44.1277,79.68,22,71,2.55
524,Mount Gambier,AU,2022-06-17 22:04:11,-37.8333,140.7667,40.91,100,100,8.05
525,Tongchuan,CN,2022-06-17 22:04:11,35.0806,109.0897,74.32,38,35,5.3
526,Sambava,MG,2022-06-17 22:04:12,-14.2667,50.1667,69.31,92,40,7.16
527,Kindu,CD,2022-06-17 22:04:12,-2.95,25.95,68.02,96,97,3.15
528,Charleston,US,2022-06-17 21:59:38,32.7766,-79.9309,97.14,64,0,12.66
529,Altay,CN,2022-06-17 22:04:12,47.8667,88.1167,51.82,63,59,3.47
530,Peterongan,ID,2022-06-17 22:04:13,-7.5394,112.2792,73.54,92,100,3.8
531,Madang,PG,2022-06-17 22:04:13,-5.2246,145.7966,77.32,90,99,3.65
532,Aksarka,RU,2022-06-17 22:04:14,66.5606,67.7975,61.56,60,82,7.67
533,Alihe,CN,2022-06-17 22:04:14,50.5667,123.7167,57.06,86,92,0.29
534,Caxito,AO,2022-06-17 22:04:14,-8.5785,13.6643,64.67,96,93,2.24
535,San Jeronimo,PE,2022-06-17 22:04:15,-11.9472,-75.2829,57.9,48,3,9.46
536,Indramayu,ID,2022-06-17 22:04:15,-6.3264,108.32,79.25,80,98,2.95
537,Yulara,AU,2022-06-17 22:04:15,-25.2406,130.9889,54.46,55,40,7.52
538,Egvekinot,RU,2022-06-17 22:04:16,66.3167,-179.1667,40.53,80,80,5.23
539,Bati,ET,2022-06-17 22:04:16,11.1833,40.0167,75.69,32,31,7.16
540,Smithers,CA,2022-06-17 22:03:50,54.7804,-127.1743,64.49,61,98,3.13
541,Porto Novo,BJ,2022-06-17 22:04:16,6.4965,2.6036,74.3,94,97,9.78
542,Hailey,US,2022-06-17 22:01:05,43.5196,-114.3153,80.91,33,59,5.99
543,Waitati,NZ,2022-06-17 22:04:17,-45.75,170.5667,48.79,61,3,4.34
544,Umm Lajj,SA,2022-06-17 22:04:17,25.0213,37.2685,84.22,64,4,9.93
545,Thurso,GB,2022-06-17 22:04:17,58.5927,-3.5259,52.86,74,30,26.53
546,Gasa,PS,2022-06-17 22:04:18,31.5,34.4667,76.87,85,0,6.58
547,Redlands,US,2022-06-17 22:04:18,34.0556,-117.1825,89.53,39,2,3.0
548,Turan,VN,2022-06-17 22:04:19,16.0678,108.2208,80.58,83,20,0.0
549,Rio Cuarto,AR,2022-06-17 22:04:19,-33.1307,-64.3499,50.47,39,0,7.31
550,Zilair,RU,2022-06-17 22:04:20,52.2332,57.4392,57.61,97,98,1.9
